Posizione;MOT-Health
Neutral;Nutrients
Neutral;Disease
Neutral;Intolerance
Pro;Nutrients
Pro;Fitness / Calories
Pro;Hormones / Chemical Agents
Pro;Hormones / Chemical Agents
Cons;Nutrients
Cons;Disease
Cons;Plant Milk
Neutral;Nutrients
Neutral;Psychological
Neutral;Fitness / Calories
Neutral;Disease
Neutral;Intolerance
Neutral;Nutrients
Neutral;Disease
Neutral;Intolerance
Neutral;Plant Milk
Cons;Intolerance
Cons;Disease
Neutral;Nutrients
Neutral;Intolerance
Neutral;Disease
Cons*;Disease
Cons;Hormones / Chemical Agents
Cons;Nutrients
Cons;Hormones / Chemical Agents
Cons;Disease
Pro;Nutrients
Pro;Hormones / Chemical Agents
Pro;Intolerance
Pro;Plant Milk
Pro*;Hormones / Chemical Agents
Pro;Hormones / Chemical Agents
Pro;Nutrients
Pro;Disease
Neutral;Disease
Cons;Disease
Pro;Hormones / Chemical Agents
Pro;Nutrients
Pro;Disease
Cons*;Hormones / Chemical Agents
Cons*;Nutrients
Cons*;Disease
Cons*;Fitness / Calories
Cons*;Allergies
Neutral;Nutrients
Neutral;Disease
Neutral;Nutrients
Neutral;Intolerance
Neutral;Disease
Neutral;Disease
Neutral;Disease
Pro;Disease
Pro;Nutrients
Pro;Disease
Pro;Nutrients
Neutral;Nutrients
Cons*;Disease
Cons*;Nutrients
Cons*;Fitness / Calories
Neutral;Fitness / Calories
Neutral;Nutrients
Neutral;Disease
Neutral;Nutrients
Neutral;Disease
Cons;Disease
Cons;Nutrients
Cons;Nutrients
Cons;Disease
Cons;Intolerance
Neutral;Nutrients
Cons;Hormones / Chemical Agents
Pro;Fitness / Calories
Pro;Disease
Neutral;Nutrients
Neutral;Hormones / Chemical Agents
Neutral;Hormones / Chemical Agents
Neutral;Allergies
Neutral;Intolerance
Pro;Nutrients
Neutral;Nutrients
Neutral;Disease
Neutral;Disease
Pro*;Intolerance
Pro*;Nutrients
Pro;Nutrients
Pro;Nutrients
Cons;Intolerance
Cons;Disease
Neutral;Intolerance
Neutral;Disease
Neutral;Fitness / Calories
Cons;Disease